sequencing platform	partner_coverage_low	variant_type	LOC	chr	ID	REF	ALT	QUAL	FILTER	genotype	allele_depth	depth	conditional_genotype_quality	phase_likelihood	allele_count	allele_frequency	total_allele_number	ExcessHet	FS	MLEAC	MLEAF	RMS_map_quality	QD	SOR	BaseQRankSum	MQRankSum	ReadPosRankSum
illumina	False	indel	216074304	chr1	.	A	AC	533.6	PASS	0/1	11,14	25	99	541,0,420	1	0.500	2	0.0000	0.000	1	0.500	60.00	21.34	0.498	-3.245	0.000	1.123
illumina	False	indel	215638618	chr1	.	C	CA	142.6	PASS	0/1	9,10	24	99	150,0,131	1	0.500	2	0.0000	0.000	1	0.500	60.00	7.51	0.446	0.768	0.000	0.490
illumina	False	indel	215640844	chr1	.	CA	C	332.03	PASS	1/1	0,15	20	45	346,45,0	2	1.00	2	0.0000	0.000	2	1.00	60.00	22.14	1.112	nan	nan	nan
illumina	False	indel	215657927	chr1	.	AT	A	298.02	PASS	1/1	1,17	24	35	312,35,0	2	1.00	2	0.0000	0.000	2	1.00	60.00	16.56	0.269	0.598	0.000	0.965
illumina	False	indel	215709645	chr1	.	TAAAA	T	481.02	PASS	1/1	0,11	15	33	495,33,0	2	1.00	2	0.0000	0.000	2	1.00	60.00	29.55	1.270	nan	nan	nan
illumina	False	indel	215732544	chr1	.	CTTTT	C	115.6	PASS	0/1	1,3	11	33	123,0,33	1	0.500	2	0.0000	6.021	1	0.500	60.00	28.90	2.788	-1.150	0.000	-0.319
illumina	False	indel	215743820	chr1	.	C	CA	255.02	PASS	1/1	1,13	16	31	269,31,0	2	1.00	2	0.0000	0.000	2	1.00	60.00	18.22	0.446	1.313	0.000	0.745
illumina	False	indel	215747885	chr1	.	TG	T	886.03	PASS	1/1	0,20	20	60	900,60,0	2	1.00	2	0.0000	0.000	2	1.00	50.02	28.37	2.093	nan	nan	nan
illumina	False	indel	215747887	chr1	.	TTTGG	T	581.63	PASS	0/1	4,16	20	12	589,0,12	1	0.500	2	0.0000	14.950	1	0.500	50.02	29.08	3.229	-2.490	-2.812	1.277
illumina	False	indel	215749983	chr1	.	C	CT	1688.03	PASS	1/1	0,38	39	99	1702,114,0	2	1.00	2	0.0000	0.000	2	1.00	60.00	30.35	0.798	nan	nan	nan
illumina	False	indel	215788509	chr1	.	T	TA	1050.03	PASS	1/1	0,38	40	99	1064,114,0	2	1.00	2	0.0000	0.000	2	1.00	60.00	27.63	0.693	nan	nan	nan
illumina	False	indel	215802025	chr1	.	CT	C	320.6	PASS	0/1	16,16	36	99	328,0,327	1	0.500	2	0.0000	1.400	1	0.500	60.00	10.02	0.790	-0.972	0.000	0.283
illumina	False	indel	215805284	chr1	.	TA	T	511.6	PASS	0/1	16,22	41	99	519,0,344	1	0.500	2	0.0000	12.876	1	0.500	60.00	13.46	0.746	-0.370	0.000	1.997
illumina	False	indel	215809456	chr1	.	C	CA	310.6	PASS	0/1	19,15	38	99	318,0,427	1	0.500	2	0.0000	3.051	1	0.500	60.00	9.14	1.329	0.494	0.000	1.284
illumina	False	indel	215811607	chr1	.	TA	T	375.6	PASS	0/1	10,15	27	99	383,0,230	1	0.500	2	0.0000	0.000	1	0.500	60.00	15.02	0.498	-0.874	0.000	-0.278
illumina	False	indel	215815118	chr1	.	A	AT	364.6	PASS	0/1	10,16	29	99	372,0,204	1	0.500	2	0.0000	1.623	1	0.500	60.00	14.02	0.729	0.469	0.000	-0.580
illumina	False	indel	215815406	chr1	.	AT	A	165.6	PASS	0/1	15,10	28	99	173,0,323	1	0.500	2	0.0000	10.037	1	0.500	60.00	6.62	2.250	-0.894	0.000	-0.472
illumina	False	indel	215835164	chr1	.	CAA	C	75.78	PASS	1/1	0,3	11	9	89,9,0	2	1.00	2	0.0000	0.000	1	0.500	60.00	25.26	2.833	nan	nan	nan
illumina	False	indel	215860415	chr1	.	GA	G	400.6	PASS	0/1	14,16	34	99	408,0,341	1	0.500	2	0.0000	10.901	1	0.500	60.00	13.35	0.984	0.789	0.000	1.415
illumina	False	indel	215912449	chr1	.	ATG	A	1292.03	PASS	1/1	0,29	30	88	1306,88,0	2	1.00	2	0.0000	0.000	2	1.00	60.00	33.23	1.255	nan	nan	nan
illumina	False	indel	215912455	chr1	.	ATATATATATATATATATATACGTATATATATATATGTGTATATATATATATATATACGTG	A	1290.03	PASS	1/1	0,29	29	87	1304,87,0	2	1.00	2	0.0000	0.000	2	1.00	60.00	36.91	1.255	nan	nan	nan
illumina	False	indel	215914068	chr1	.	CT	C	214.92	PASS	1/1	2,13	19	15	229,15,0	2	1.00	2	0.0000	8.451	2	1.00	60.00	14.33	1.414	1.887	0.000	0.085
illumina	False	indel	215917780	chr1	.	CAA	C	190.98	PASS	1/1	0,7	15	21	205,21,0	2	1.00	2	0.0000	0.000	2	1.00	60.00	27.28	2.584	nan	nan	nan
illumina	False	indel	215926210	chr1	.	CAAAA	C	656.03	PASS	1/1	0,15	20	45	670,45,0	2	1.00	2	0.0000	0.000	2	1.00	60.00	32.13	1.473	nan	nan	nan
illumina	False	indel	215947042	chr1	.	CTT	C,CTTTT	697.02	PASS	1/2	0,11,12	25	99	714,382,466,392,0,426	1,1	0.500,0.500	2	0.0000	0.000	1,1	0.500,0.500	60.00	30.31	1.426	nan	nan	nan
illumina	False	indel	215950504	chr1	.	CTT	C	283.6	PASS	0/1	3,10	17	57	291,0,57	1	0.500	2	0.0000	0.000	1	0.500	60.00	21.82	0.627	-0.442	0.000	-0.339
illumina	False	indel	215967748	chr1	.	C	CA	146.6	PASS	0/1	11,8	21	99	154,0,235	1	0.500	2	0.0000	0.000	1	0.500	60.00	7.72	0.976	-0.513	0.000	0.207
illumina	False	indel	215973658	chr1	.	T	TC	514.13	PASS	0/1	2,13	17	45	522,0,45	1	0.500	2	0.0000	0.000	1	0.500	60.00	34.28	1.445	0.867	0.000	-0.366
illumina	False	indel	215973660	chr1	.	T	TC	514.13	PASS	0/1	2,13	17	45	522,0,45	1	0.500	2	0.0000	0.000	1	0.500	60.00	34.28	1.445	1.234	0.000	-0.365
illumina	False	indel	215976984	chr1	.	G	GT	298.6	PASS	0/1	6,14	21	92	306,0,92	1	0.500	2	0.0000	1.922	1	0.500	60.00	14.93	0.307	0.783	0.000	0.165
illumina	False	indel	215986310	chr1	.	CTTTTTT	C	492.6	PASS	0/1	8,13	25	99	500,0,295	1	0.500	2	0.0000	0.000	1	0.500	60.00	23.46	0.836	-0.077	0.000	-0.036
illumina	False	indel	215990760	chr1	.	C	CT	88.6	PASS	0/1	9,7	23	96	96,0,138	1	0.500	2	0.0000	0.000	1	0.500	60.00	5.54	0.836	-0.147	0.000	0.000
illumina	False	indel	215996560	chr1	.	GTTTTTTTTTTTTT	G	116.6	PASS	0/1	1,3	11	32	124,0,32	1	0.500	2	0.0000	0.000	1	0.500	60.00	29.15	0.446	nan	0.000	nan
illumina	False	indel	216023459	chr1	.	CAAAAAA	C	214.02	PASS	0/1	4,5	15	99	198,0,109	1	0.500	2	0.0000	0.000	1	0.500	60.00	23.78	0.941	1.383	0.000	-0.210
illumina	False	indel	216030635	chr1	.	AT	A	84.6	PASS	0/1	23,6	33	92	92,0,951	1	0.500	2	0.0000	0.000	1	0.500	59.27	2.92	0.481	-0.082	-1.873	-3.529
illumina	False	indel	216030638	chr1	.	TATAC	T	84.6	PASS	0/1	23,6	30	92	92,0,951	1	0.500	2	0.0000	0.000	1	0.500	59.20	2.92	0.481	-1.274	-1.873	-2.804
illumina	False	indel	216038488	chr1	.	AC	A	451.6	PASS	0/1	16,18	35	99	459,0,391	1	0.500	2	0.0000	1.317	1	0.500	60.00	13.28	0.473	0.132	0.000	-1.226
illumina	False	indel	216046006	chr1	.	G	GGT	166.6	PASS	0/1	6,8	26	99	174,0,121	1	0.500	2	0.0000	2.276	1	0.500	60.00	11.90	0.959	0.756	0.000	-2.252
illumina	False	indel	216050560	chr1	.	T	TTTTC	50.6	PASS	0/1	6,4	20	58	58,0,232	1	0.500	2	0.0000	0.000	1	0.500	60.00	5.06	0.446	0.319	0.000	-0.319
illumina	False	indel	216067496	chr1	.	G	GA	87.6	PASS	0/1	12,6	23	95	95,0,256	1	0.500	2	0.0000	0.000	1	0.500	60.00	4.87	0.941	-0.098	0.000	0.094
illumina	False	indel	216081908	chr1	.	A	AT	163.6	PASS	0/1	21,10	37	99	171,0,463	1	0.500	2	0.0000	0.000	1	0.500	60.00	5.28	0.610	-0.415	0.000	-1.015
illumina	False	indel	216082271	chr1	.	G	GTTTCAGCGAAGATTCATAGACATTACA	358.6	PASS	0/1	10,10	31	99	366,0,388	1	0.500	2	0.0000	4.320	1	0.500	60.00	17.93	1.506	-1.066	0.000	-1.745
illumina	False	indel	216082462	chr1	.	T	TA	98.6	PASS	0/1	9,7	18	99	106,0,160	1	0.500	2	0.0000	5.193	1	0.500	60.00	6.16	0.532	-0.374	0.000	-0.257
illumina	False	indel	216090431	chr1	.	TA	T	59.6	PASS	0/1	3,4	14	67	67,0,114	1	0.500	2	0.0000	0.000	1	0.500	60.00	8.51	0.368	-0.697	0.000	2.189
illumina	False	indel	216273813	chr1	.	GA	G	427.03	PASS	1/1	0,17	19	51	441,51,0	2	1.00	2	0.0000	0.000	2	1.00	60.00	25.12	1.739	nan	nan	nan
illumina	False	indel	216281865	chr1	.	G	GT	55.26	PASS	1/1	0,4	11	11	69,11,0	2	1.00	2	0.0000	0.000	1	0.500	60.00	13.81	3.258	nan	nan	nan
illumina	False	indel	216298843	chr1	.	CTT	C	964.03	PASS	1/1	0,27	30	81	978,81,0	2	1.00	2	0.0000	0.000	2	1.00	60.00	29.81	0.765	nan	nan	nan
illumina	False	indel	216308408	chr1	.	CT	C	587.03	PASS	1/1	0,20	20	60	601,60,0	2	1.00	2	0.0000	0.000	2	1.00	60.00	29.35	1.127	nan	nan	nan
illumina	False	indel	216312172	chr1	.	A	AT	683.03	PASS	1/1	0,26	27	78	697,78,0	2	1.00	2	0.0000	0.000	2	1.00	60.00	26.27	1.022	nan	nan	nan
illumina	False	indel	216322604	chr1	.	C	CA	550.03	PASS	1/1	0,24	29	72	564,72,0	2	1.00	2	0.0000	0.000	2	1.00	60.00	22.92	1.051	nan	nan	nan
illumina	False	indel	216340536	chr1	.	C	CAAA	418.02	PASS	1/1	0,10	15	30	432,30,0	2	1.00	2	0.0000	0.000	2	1.00	60.00	29.75	1.609	nan	nan	nan
illumina	False	indel	216343525	chr1	.	T	TAA	389.03	PASS	1/1	0,14	17	42	403,42,0	2	1.00	2	0.0000	0.000	2	1.00	60.00	27.79	1.765	nan	nan	nan
illumina	False	indel	216355388	chr1	.	ATATAGTATAC	A	66.6	PASS	0/1	19,6	26	74	74,0,785	1	0.500	2	0.0000	2.050	1	0.500	60.00	2.66	1.483	-1.809	0.000	-3.335
illumina	False	indel	216368208	chr1	.	AT	A	526.03	PASS	1/1	0,21	22	63	540,63,0	2	1.00	2	0.0000	0.000	2	1.00	60.00	25.05	0.784	nan	nan	nan
illumina	False	indel	216377807	chr1	.	AAAAGAAAGAAAGAAAG	A,AAAAGAAAGAAAG	361.02	PASS	1/2	0,5,4	12	99	378,168,153,210,0,198	1,1	0.500,0.500	2	0.0000	0.000	1,1	0.500,0.500	60.00	30.53	1.402	nan	nan	nan
illumina	False	snp	215630482	chr1	.	G	A	246.05	PASS	1/1	0,9	12	26	260,26,0	2	1.00	2	0.0000	0.000	2	1.00	60.00	27.34	2.093	nan	nan	nan
illumina	False	snp	215693092	chr1	.	A	G	804.06	PASS	1/1	0,23	27	69	818,69,0	2	1.00	2	0.0000	0.000	2	1.00	60.00	34.96	0.892	nan	nan	nan
illumina	False	snp	216355378	chr1	.	G	A	899.06	PASS	1/1	0,25	25	70	913,70,0	2	1.00	2	0.0000	0.000	2	1.00	60.00	25.87	2.215	nan	nan	nan
illumina	False	snp	216355387	chr1	.	C	G	69.64	PASS	0/1	18,6	24	77	77,0,743	1	0.500	2	0.0000	2.016	1	0.500	60.00	2.90	1.284	-3.083	0.000	-3.202
